{
  "gpt4": 0.9106529209621993,
  "mixtral": 0.6735395189003436
}